appname,time
有道云笔记,2020-11-13 17:54:47
QQ,2020-11-13 17:58:56
支付宝,2020-11-13 18:03:30
支付宝,2020-11-13 18:04:12
微信,2020-11-13 18:04:40
支付宝,2020-11-13 18:09:31
支付宝,2020-11-13 18:14:50
QQ,2020-11-13 18:14:53
微信,2020-11-13 18:21:47
支付宝,2020-11-13 19:07:32
计算器,2020-11-13 19:07:39
微信,2020-11-13 19:07:54
工银融e联,2020-11-13 19:08:15
计算器,2020-11-13 19:08:18
微信,2020-11-13 19:08:29
计算器,2020-11-13 19:08:44
QQ,2020-11-13 19:13:04
时钟,2020-11-13 19:13:46
时钟,2020-11-13 19:14:22
Chrome,2020-11-13 19:14:34
哔哩哔哩,2020-11-13 20:00:31
支付宝,2020-11-13 21:39:56
工银融e联,2020-11-13 21:40:14
知乎,2020-11-13 23:15:31
Chrome,2020-11-13 23:15:49
微信,2020-11-13 23:38:10
支付宝,2020-11-13 23:38:48
QQ音乐,2020-11-14 00:20:22
手机淘宝,2020-11-14 00:20:43
QQ,2020-11-14 00:21:10
微信,2020-11-14 00:23:19
手机淘宝,2020-11-14 00:23:42
京东,2020-11-14 00:24:02
支付宝,2020-11-14 00:25:10
微信,2020-11-14 00:34:05
文件管理,2020-11-14 00:34:36
文件管理,2020-11-14 00:36:22
哔哩哔哩,2020-11-14 02:00:29
QQ音乐,2020-11-14 02:02:35
时钟,2020-11-14 07:30:02
微信,2020-11-14 08:30:33
QQ,2020-11-14 08:30:58
微信,2020-11-14 08:31:22
QQ,2020-11-14 19:51:39
知乎,2020-11-14 19:59:54
QQ音乐,2020-11-14 20:08:43
菜鸟,2020-11-14 20:24:10
手机淘宝,2020-11-14 20:24:44
京东,2020-11-14 20:24:57
微信,2020-11-14 20:25:54
有道云笔记,2020-11-14 20:38:38
手机管家,2020-11-14 20:42:57
微信,2020-11-14 20:43:32
微信,2020-11-14 21:10:00
支付宝,2020-11-14 21:11:53
微信,2020-11-14 21:12:27
支付宝,2020-11-14 21:13:06
QQ,2020-11-14 21:20:41
哔哩哔哩,2020-11-14 21:21:04
Chrome,2020-11-14 21:21:11
支付宝,2020-11-14 21:22:06
网易有道词典,2020-11-14 21:35:59
QQ,2020-11-14 21:36:08
微信,2020-11-14 21:36:23
京东,2020-11-14 21:36:37
支付宝,2020-11-14 21:36:57
Android 系统,2020-11-14 21:37:14
支付宝,2020-11-14 21:37:17
哔哩哔哩,2020-11-14 21:39:11
手机淘宝,2020-11-14 21:45:39
京东,2020-11-14 21:46:05
微信,2020-11-14 21:46:35
QQ,2020-11-14 21:47:29
知乎,2020-11-14 21:47:57
微信,2020-11-14 21:48:43
QQ邮箱,2020-11-14 22:00:50
微信,2020-11-14 22:09:04
微信,2020-11-14 22:10:20
QQ邮箱,2020-11-14 22:10:28
微信,2020-11-14 22:12:20
知乎,2020-11-14 22:17:53
Chrome,2020-11-14 22:18:18
哔哩哔哩,2020-11-14 22:18:54
手机淘宝,2020-11-14 22:23:55
京东,2020-11-14 22:24:13
知乎,2020-11-14 22:25:42
Chrome,2020-11-14 22:26:01
哔哩哔哩,2020-11-14 22:27:25
微信,2020-11-14 22:29:45
支付宝,2020-11-14 22:39:44
Chrome,2020-11-14 22:41:49
微信,2020-11-14 22:53:20
微信,2020-11-14 22:53:24
Chrome,2020-11-14 23:17:46
手机淘宝,2020-11-14 23:35:23
QQ,2020-11-14 23:39:50
微信,2020-11-14 23:40:36
QQ,2020-11-14 23:40:47
计算器,2020-11-15 00:01:57
QQ,2020-11-15 00:05:31
拼多多,2020-11-15 00:07:14
闲鱼,2020-11-15 00:07:27
手机淘宝,2020-11-15 00:07:42
京东,2020-11-15 00:08:26
微信,2020-11-15 00:08:47
QQ,2020-11-15 00:09:11
微信,2020-11-15 00:09:35
QQ,2020-11-15 00:09:44
微信,2020-11-15 00:10:07
支付宝,2020-11-15 00:10:24
工银融e联,2020-11-15 00:10:48
计算器,2020-11-15 00:11:03
微信,2020-11-15 00:12:20
手机淘宝,2020-11-15 00:44:21
唯品会,2020-11-15 00:45:58
京东,2020-11-15 00:46:13
百度,2020-11-15 08:50:57
微信,2020-11-15 08:51:50
微信,2020-11-15 08:58:08
微信,2020-11-15 09:03:58
QQ,2020-11-15 11:04:01
QQ,2020-11-15 11:05:25
QQ,2020-11-15 11:41:12
云闪付,2020-11-15 11:50:37
QQ,2020-11-15 11:54:14
微信,2020-11-15 12:03:34
百度网盘,2020-11-15 12:35:24
相册,2020-11-15 12:38:38
相册,2020-11-15 12:40:54
京东,2020-11-15 12:43:06
京东,2020-11-15 13:01:19
支付宝,2020-11-15 13:01:36
微信,2020-11-15 13:15:36
QQ,2020-11-15 13:15:58
支付宝,2020-11-15 13:17:09
微信,2020-11-15 13:17:15
Chrome,2020-11-15 13:18:01
微信,2020-11-15 13:19:11
微信,2020-11-15 13:19:47
QQ,2020-11-15 13:20:01
微信,2020-11-15 13:21:01
微信,2020-11-15 13:21:34
微信,2020-11-15 13:22:41
QQ,2020-11-15 13:23:00
微信,2020-11-15 13:23:09
相册,2020-11-15 13:49:36
